<?xml version="1.0" encoding="UTF-8"?>
<project-private xmlns="http://www.netbeans.org/ns/project-private/1">
    <editor-bookmarks xmlns="http://www.netbeans.org/ns/editor-bookmarks/2" lastBookmarkId="0"/>
    <open-files xmlns="http://www.netbeans.org/ns/projectui-open-files/2">
        <group>
            <file>file:/F:/TCC/validar.php</file>
            <file>file:/F:/TCC/cadastroaluno.php</file>
            <file>file:/F:/TCC/login.html</file>
            <file>file:/F:/TCC/index.php</file>
            <file>file:/F:/TCC/alterarresposta.php</file>
            <file>file:/F:/TCC/conexao.php</file>
        </group>
    </open-files>
</project-private>
